think,"[(278, 114), (279, 61), (287, 47), (290, 43), (292, 46), (292, 49), (292, 53), (292, 56), (291, 58), (290, 60), (288, 60), (287, 60), (286, 59), (286, 58), (285, 58), (285, 57), (285, 56), (285, 56), (286, 56), (288, 58), (291, 62), (297, 66), (303, 74), (312, 82), (318, 92), (323, 103), (328, 112), (331, 119), (334, 125), (336, 130), (337, 136), (339, 140), (341, 143), (342, 145), (341, 148), (341, 149), (342, 149), (342, 150), (343, 150), (345, 150), (346, 151), (347, 151), (347, 151), (349, 149), (350, 148), (354, 142), (360, 139), (365, 133), (374, 127), (382, 120), (393, 113), (403, 103), (415, 94), (425, 87), (434, 80), (443, 75), (450, 70), (456, 66), (461, 62), (465, 58), (470, 56), (474, 54), (478, 53), (482, 52), (484, 52), (485, 52), (485, 53), (485, 54), (483, 58), (480, 63), (476, 70), (471, 77), (463, 88), (451, 102), (437, 118), (422, 132), (406, 146), (393, 160), (381, 177), (371, 188), (364, 197), (359, 207), (355, 215), (350, 223), (346, 228), (344, 233), (340, 237), (340, 241), (340, 243), (343, 245), (346, 245), (349, 242), (351, 239), (355, 235), (359, 232), (368, 226), (380, 217), (394, 209), (410, 201), (423, 193), (436, 185), (447, 178), (457, 171), (464, 165), (471, 160), (474, 155), (476, 152), (477, 152), (475, 168), (474, 231)]"
think,"[(296, 95), (289, 60), (289, 52), (287, 51), (286, 51), (286, 50), (287, 50), (288, 50), (291, 50), (292, 50), (293, 52), (294, 54), (295, 57), (299, 62), (306, 65), (314, 73), (322, 81), (329, 91), (333, 101), (340, 112), (346, 123), (353, 131), (358, 138), (359, 145), (360, 150), (360, 155), (358, 158), (356, 160), (355, 159), (355, 160), (356, 157), (358, 153), (360, 149), (361, 142), (364, 133), (369, 127), (375, 119), (384, 109), (395, 100), (404, 92), (413, 86), (423, 79), (431, 74), (441, 69), (448, 65), (455, 63), (460, 60), (463, 58), (464, 58), (471, 54), (475, 54), (478, 53), (480, 53), (481, 53), (480, 53), (479, 54), (477, 56), (474, 59), (473, 63), (470, 69), (471, 68), (454, 95), (444, 113), (432, 128), (421, 143), (410, 163), (399, 180), (388, 194), (376, 208), (365, 220), (356, 230), (348, 237), (350, 237), (343, 245), (343, 247), (343, 248), (344, 248), (346, 246), (349, 243), (354, 238), (362, 233), (372, 224), (385, 216), (398, 208), (396, 210), (419, 190), (432, 182), (441, 174), (448, 165), (456, 159), (461, 151), (465, 145), (471, 140), (476, 136), (480, 135), (480, 140), (480, 141)]"
think,"[(292, 84), (286, 55), (285, 48), (282, 47), (280, 47), (280, 47), (280, 47), (281, 47), (282, 46), (282, 46), (283, 46), (283, 47), (284, 47), (286, 48), (287, 49), (289, 48), (291, 49), (292, 48), (294, 49), (295, 50), (297, 53), (300, 58), (305, 62), (310, 70), (316, 80), (322, 88), (328, 97), (331, 107), (334, 116), (337, 125), (341, 132), (345, 137), (349, 141), (352, 147), (354, 150), (355, 154), (356, 155), (355, 156), (356, 156), (357, 155), (358, 155), (358, 154), (358, 153), (359, 152), (360, 149), (363, 147), (367, 143), (374, 139), (383, 135), (391, 131), (400, 123), (408, 118), (417, 111), (424, 105), (431, 98), (438, 92), (443, 88), (446, 82), (452, 79), (456, 77), (459, 75), (461, 74), (465, 73), (467, 72), (470, 70), (473, 69), (475, 69), (478, 68), (479, 67), (479, 68), (480, 69), (477, 72), (474, 77), (473, 83), (469, 90), (465, 97), (460, 106), (454, 116), (446, 126), (435, 137), (422, 148), (409, 159), (396, 174), (385, 184), (377, 192), (372, 200), (369, 205), (364, 209), (359, 215), (354, 219), (351, 222), (350, 225), (350, 226), (351, 225), (352, 223), (352, 223), (352, 222), (350, 222), (351, 220), (354, 219), (357, 215), (365, 211), (373, 206), (381, 200), (393, 194), (404, 186), (417, 178), (430, 169), (445, 160), (458, 152), (471, 144), (480, 138), (488, 135), (493, 132), (495, 128), (494, 135), (499, 185), (487, 218)]"
think,"[(326, 154), (312, 93), (307, 61), (307, 55), (303, 57), (301, 60), (299, 64), (297, 67), (296, 69), (295, 69), (295, 69), (295, 68), (295, 68), (294, 68), (294, 67), (295, 67), (297, 69), (302, 73), (307, 78), (314, 84), (322, 92), (326, 103), (332, 114), (336, 123), (342, 129), (346, 136), (350, 140), (352, 144), (353, 147), (353, 147), (353, 148), (352, 149), (352, 148), (353, 146), (355, 144), (359, 139), (365, 133), (375, 126), (386, 118), (398, 109), (407, 102), (418, 94), (428, 87), (437, 82), (446, 78), (456, 75), (463, 71), (468, 68), (470, 67), (470, 67), (471, 66), (473, 65), (476, 66), (478, 65), (480, 66), (479, 66), (477, 68), (472, 72), (468, 78), (463, 86), (459, 96), (453, 109), (446, 122), (436, 134), (424, 149), (409, 168), (394, 182), (379, 200), (371, 209), (361, 218), (356, 226), (354, 232), (353, 234), (352, 235), (352, 236), (353, 236), (353, 234), (356, 231), (362, 227), (376, 220), (389, 212), (407, 206), (420, 198), (434, 190), (448, 184), (458, 180), (467, 175), (475, 172), (480, 168), (485, 166), (486, 166), (485, 177), (484, 213), (467, 269)]"
apple,"[(307, 353), (61, 199), (31, 167), (33, 170), (19, 148), (18, 141), (26, 134), (28, 126), (29, 121), (31, 119), (28, 119), (25, 119), (26, 119), (28, 119), (30, 119), (30, 119), (35, 120), (40, 120), (44, 124), (51, 126), (61, 128), (75, 130), (119, 123), (147, 117), (188, 110), (222, 106), (262, 93), (265, 95), (298, 85), (334, 74), (364, 71), (396, 66), (423, 62), (464, 54), (484, 57), (500, 54), (516, 55), (531, 56), (531, 57), (548, 56), (562, 57), (572, 59), (580, 61), (588, 62), (592, 65), (594, 64), (598, 66), (601, 66), (605, 67), (608, 66), (609, 68), (614, 66), (616, 67), (620, 68), (620, 68), (621, 69), (622, 68), (622, 68), (621, 68), (621, 69), (621, 68), (622, 67), (622, 66), (622, 66), (622, 66), (622, 64), (622, 64), (621, 64), (619, 67), (616, 70), (607, 81), (602, 86), (593, 96), (586, 105), (585, 102), (576, 115), (567, 125), (561, 133), (557, 140), (554, 146), (551, 149), (550, 152), (552, 152), (553, 153), (552, 153), (550, 151), (550, 152), (546, 151), (538, 150), (526, 149), (508, 149), (477, 146), (441, 146), (405, 143), (339, 129), (310, 126), (286, 119), (286, 118), (259, 112), (237, 102), (221, 95), (205, 83), (195, 75), (186, 69), (178, 63), (171, 58), (162, 50), (160, 48), (156, 46), (155, 46), (154, 44), (152, 43), (151, 43), (152, 42), (151, 60), (176, 129)]"
thin,"[(289, 97), (286, 93), (278, 37), (280, 36), (280, 36), (278, 41), (277, 41), (277, 40), (280, 44), (279, 44), (282, 43), (283, 42), (287, 43), (286, 44), (289, 46), (295, 52), (294, 51), (303, 60), (305, 60), (303, 59), (317, 73), (317, 75), (330, 95), (334, 97), (343, 117), (346, 118), (352, 131), (359, 143), (358, 144), (362, 150), (363, 149), (363, 149), (365, 151), (365, 151), (367, 152), (367, 152), (370, 151), (370, 150), (373, 148), (379, 145), (378, 146), (378, 146), (391, 135), (390, 136), (408, 120), (409, 120), (424, 104), (427, 105), (440, 90), (441, 90), (454, 73), (462, 63), (464, 64), (464, 63), (467, 57), (467, 58), (469, 52), (470, 54), (472, 49), (473, 50), (477, 46), (478, 46), (478, 45), (474, 50), (472, 50), (472, 50), (464, 58), (463, 57), (455, 70), (453, 69), (441, 101), (440, 101), (420, 129), (423, 128), (402, 155), (386, 182), (388, 184), (388, 183), (375, 205), (377, 205), (367, 224), (369, 224), (360, 238), (361, 237), (355, 245), (356, 246), (355, 254), (370, 299), (372, 300), (371, 305)]"
thin,"[(302, 72), (301, 57), (302, 58), (297, 57), (296, 56), (293, 57), (293, 57), (291, 57), (291, 57), (291, 57), (290, 57), (290, 57), (289, 56), (288, 57), (289, 57), (292, 60), (292, 60), (300, 65), (299, 64), (308, 78), (307, 76), (322, 95), (321, 95), (321, 94), (333, 110), (344, 125), (345, 125), (350, 139), (351, 138), (351, 145), (352, 143), (354, 144), (354, 144), (355, 143), (355, 143), (355, 142), (357, 142), (357, 142), (358, 139), (367, 132), (368, 133), (383, 118), (385, 119), (399, 100), (400, 101), (414, 86), (416, 87), (416, 87), (432, 68), (448, 56), (450, 56), (459, 51), (460, 51), (465, 48), (465, 48), (469, 47), (470, 47), (474, 47), (474, 47), (474, 47), (477, 48), (476, 48), (476, 48), (476, 49), (476, 49), (478, 50), (479, 50), (481, 51), (481, 51), (479, 58), (478, 57), (478, 58), (467, 71), (446, 113), (447, 113), (425, 136), (428, 137), (404, 169), (407, 167), (383, 199), (382, 200), (372, 217), (372, 216), (372, 216), (367, 226), (365, 229), (366, 229), (365, 229), (366, 229), (366, 228), (365, 227), (363, 227), (362, 227), (362, 226), (359, 227), (359, 228), (354, 229), (349, 235), (349, 235), (360, 271), (360, 271)]"
thin,"[(297, 69), (295, 69), (295, 70), (290, 69), (290, 69), (283, 70), (283, 70), (282, 71), (282, 71), (283, 69), (284, 68), (284, 68), (287, 68), (286, 67), (286, 67), (291, 69), (291, 69), (298, 76), (298, 75), (309, 89), (309, 89), (323, 109), (339, 126), (341, 126), (347, 143), (349, 142), (349, 143), (352, 151), (353, 150), (352, 155), (352, 154), (354, 157), (354, 157), (355, 158), (358, 155), (356, 156), (363, 151), (362, 152), (362, 153), (374, 140), (378, 139), (395, 122), (398, 121), (418, 104), (419, 103), (433, 87), (449, 69), (450, 68), (458, 60), (458, 60), (458, 60), (464, 56), (464, 57), (464, 57), (463, 57), (464, 58), (464, 58), (464, 60), (463, 62), (463, 62), (463, 62), (461, 70), (462, 70), (453, 94), (452, 94), (436, 118), (438, 118), (412, 146), (413, 148), (387, 180), (369, 207), (372, 210), (372, 209), (361, 223), (363, 224), (357, 232), (359, 232), (355, 234), (355, 234), (349, 235), (349, 236), (346, 235), (349, 246), (350, 246), (348, 245), (360, 321), (358, 321)]"
festival,"[(213, 182), (214, 184), (207, 138), (213, 123), (217, 125), (218, 131), (217, 135), (215, 137), (216, 140), (216, 141), (216, 141), (218, 140), (219, 139), (219, 140), (220, 140), (221, 140), (222, 140), (222, 139), (222, 137), (221, 135), (217, 130), (211, 124), (206, 119), (200, 112), (200, 111), (194, 104), (190, 96), (186, 89), (179, 75), (178, 71), (177, 66), (176, 62), (177, 60), (177, 58), (178, 58), (178, 57), (178, 57), (177, 57), (177, 59), (174, 60), (167, 65), (163, 70), (157, 78), (148, 85), (139, 94), (131, 104), (123, 113), (115, 120), (115, 120), (107, 128), (103, 133), (97, 138), (88, 145), (87, 145), (88, 146), (88, 146), (89, 146), (90, 145), (91, 146), (91, 145), (92, 145), (93, 143), (97, 140), (104, 137), (116, 129), (126, 125), (137, 120), (151, 115), (164, 108), (178, 100), (191, 93), (206, 86), (204, 87), (218, 80), (230, 75), (242, 69), (255, 62), (261, 59), (266, 56), (270, 55), (274, 53), (280, 52), (283, 50), (283, 50), (287, 48), (291, 47), (295, 46), (295, 45), (295, 45), (293, 44), (293, 44), (293, 44), (292, 45), (290, 44), (288, 45), (288, 45), (286, 47), (285, 47), (287, 47), (294, 47), (312, 43), (325, 42), (339, 42), (352, 41), (366, 42), (382, 43), (396, 43), (397, 44), (412, 42), (425, 42), (438, 42), (450, 42), (467, 43), (474, 44), (478, 47), (480, 48), (482, 48), (484, 49), (486, 50), (486, 50), (488, 50), (488, 51), (489, 51), (490, 51), (490, 51), (490, 52), (489, 52), (487, 52), (485, 53), (483, 54), (480, 54), (481, 55), (478, 56), (473, 58), (468, 62), (459, 69), (434, 85), (414, 102), (398, 110), (384, 117), (368, 127), (353, 139), (354, 139), (340, 148), (329, 156), (317, 170), (304, 177), (293, 183), (276, 197), (268, 203), (264, 208), (258, 211), (255, 213), (252, 217), (252, 217), (250, 219), (249, 220), (246, 222), (244, 223), (244, 224), (243, 225), (243, 227), (242, 228), (240, 230), (239, 231), (237, 234), (237, 234), (235, 234), (235, 235), (235, 233), (234, 231), (233, 228), (224, 219), (216, 213), (202, 210), (190, 206), (179, 202), (165, 195), (166, 194), (155, 189), (144, 183), (133, 178), (123, 173), (112, 170), (95, 164), (89, 161), (83, 158), (77, 157), (70, 156), (65, 156), (63, 155), (58, 155), (53, 155), (49, 154), (44, 154), (38, 154), (30, 152), (28, 151), (27, 151), (28, 151), (30, 150), (31, 149), (33, 151), (36, 150), (42, 149), (47, 147), (56, 146), (67, 144), (96, 137), (113, 134), (131, 132), (153, 129), (172, 126), (175, 127), (196, 127), (222, 126), (247, 125), (274, 126), (299, 121), (326, 120), (375, 119), (398, 119), (418, 120), (436, 123), (451, 125), (451, 126), (465, 127), (480, 128), (492, 127), (502, 128), (513, 128), (523, 128), (534, 128), (537, 129), (541, 131), (542, 131), (542, 133), (542, 133), (543, 134), (543, 135), (543, 136), (543, 137), (542, 138), (541, 139), (533, 155), (535, 178), (530, 210)]"
think,"[(268, 43), (267, 43), (268, 44), (267, 34), (267, 35), (262, 38), (263, 36), (263, 39), (263, 39), (264, 39), (263, 40), (264, 40), (267, 43), (268, 42), (267, 43), (274, 47), (275, 46), (282, 54), (290, 59), (297, 67), (305, 75), (314, 84), (328, 101), (333, 115), (338, 124), (340, 133), (340, 133), (342, 139), (343, 144), (342, 148), (342, 151), (342, 152), (343, 151), (345, 151), (347, 148), (347, 147), (349, 146), (350, 145), (351, 144), (354, 141), (359, 137), (369, 130), (381, 121), (395, 113), (409, 102), (428, 93), (459, 74), (474, 68), (486, 63), (486, 64), (495, 62), (501, 60), (504, 58), (505, 59), (505, 59), (504, 59), (504, 58), (504, 58), (499, 58), (495, 60), (489, 62), (488, 62), (484, 64), (480, 67), (477, 71), (470, 79), (461, 87), (450, 103), (437, 121), (422, 138), (387, 182), (371, 209), (360, 230), (360, 229), (348, 251), (343, 265), (337, 271), (337, 275), (337, 278), (339, 280), (340, 279), (343, 278), (349, 271), (355, 262), (359, 255), (359, 255), (367, 245), (378, 233), (387, 220), (397, 208), (410, 195), (422, 183), (435, 172), (448, 163), (470, 144), (480, 140), (488, 137), (489, 137), (492, 136), (494, 143), (495, 188), (493, 232)]"
wonder,"[(178, 137), (157, 73), (148, 60), (135, 61), (125, 63), (117, 64), (112, 67), (109, 66), (106, 65), (101, 63), (94, 62), (89, 60), (85, 57), (82, 55), (80, 51), (81, 49), (82, 47), (85, 47), (86, 48), (89, 47), (92, 47), (95, 48), (97, 48), (99, 49), (101, 48), (103, 48), (104, 47), (105, 49), (105, 48), (106, 49), (107, 49), (110, 50), (116, 50), (123, 49), (133, 47), (147, 46), (166, 44), (186, 42), (210, 40), (237, 37), (265, 36), (293, 38), (318, 37), (344, 38), (370, 37), (393, 37), (415, 36), (436, 36), (453, 33), (468, 35), (482, 33), (493, 35), (504, 36), (513, 37), (522, 38), (532, 39), (538, 40), (544, 43), (550, 43), (552, 44), (553, 46), (556, 47), (557, 47), (557, 47), (557, 47), (558, 48), (558, 47), (559, 47), (559, 47), (560, 46), (560, 47), (560, 47), (560, 47), (560, 48), (559, 51), (559, 52), (558, 54), (556, 57), (551, 62), (544, 67), (535, 75), (522, 85), (510, 96), (495, 109), (481, 122), (464, 140), (447, 153), (430, 167), (415, 182), (399, 196), (384, 207), (375, 216), (367, 223), (361, 229), (355, 233), (350, 236), (347, 240), (345, 243), (343, 246), (343, 246), (343, 246), (342, 247), (343, 247), (344, 246), (344, 245), (346, 245), (346, 242), (347, 240), (347, 237), (347, 234), (344, 233), (338, 229), (330, 225), (321, 219), (309, 213), (294, 209), (277, 201), (259, 195), (242, 189), (227, 181), (214, 175), (203, 168), (193, 163), (186, 158), (179, 154), (175, 152), (173, 150), (169, 148), (168, 148), (167, 148), (167, 147), (168, 148), (168, 146), (169, 147), (170, 145), (169, 145), (169, 143), (169, 142), (168, 143), (167, 141), (167, 139), (166, 138), (166, 134), (167, 128), (170, 120), (172, 111), (173, 103), (173, 94), (174, 89), (176, 80), (176, 73), (178, 68), (178, 64), (178, 62), (178, 60), (177, 61), (176, 61), (175, 61), (175, 62), (174, 62), (173, 63), (172, 64), (170, 64), (169, 65), (168, 66), (168, 65), (169, 66), (171, 65), (175, 66), (180, 67), (186, 65), (193, 65), (200, 64), (210, 64), (220, 63), (232, 62), (239, 62), (245, 62), (247, 64), (248, 65), (246, 67), (246, 66), (244, 65), (243, 67), (241, 66), (238, 68), (235, 70), (232, 77), (235, 102)]"
application,"[(70, 270), (63, 263), (66, 264), (63, 255), (63, 257), (68, 247), (69, 248), (79, 245), (81, 246), (64, 150), (62, 150), (62, 132), (62, 133), (65, 128), (65, 129), (69, 128), (69, 128), (67, 130), (67, 129), (59, 132), (60, 132), (56, 134), (56, 134), (54, 136), (53, 135), (49, 141), (50, 139), (42, 145), (42, 144), (33, 149), (33, 147), (30, 151), (31, 150), (29, 151), (29, 151), (30, 151), (30, 151), (33, 150), (32, 150), (37, 148), (35, 149), (45, 149), (43, 149), (58, 150), (57, 148), (82, 149), (81, 146), (117, 141), (119, 140), (165, 129), (172, 131), (230, 125), (225, 158), (292, 146), (292, 150), (359, 132), (354, 129), (411, 113), (410, 121), (453, 109), (455, 120), (502, 94), (502, 84), (534, 75), (536, 75), (556, 69), (556, 69), (572, 62), (571, 62), (583, 54), (583, 55), (590, 50), (591, 50), (596, 46), (596, 46), (600, 45), (600, 45), (601, 45), (601, 46), (605, 46), (604, 46), (607, 46), (607, 48), (609, 48), (609, 48), (609, 47), (608, 48), (606, 48), (607, 49), (607, 48), (607, 48), (606, 48), (606, 48), (602, 51), (603, 51), (594, 64), (594, 63), (580, 80), (582, 79), (568, 97), (567, 98), (551, 121), (553, 122), (537, 137), (539, 137), (530, 147), (533, 146), (532, 151), (532, 150), (533, 152), (533, 152), (532, 152), (533, 151), (531, 148), (530, 148), (524, 142), (524, 141), (511, 129), (512, 130), (497, 115), (499, 116), (482, 96), (483, 95), (467, 77), (468, 77), (457, 64), (459, 64), (453, 56), (454, 55), (453, 55), (454, 55), (460, 58), (460, 59), (467, 61), (468, 61), (475, 62), (476, 62), (479, 61), (479, 62), (481, 61), (481, 62), (479, 63), (479, 62), (468, 71), (469, 70), (450, 89), (451, 89), (426, 125), (427, 126), (400, 145), (401, 146), (363, 172), (364, 169), (324, 195), (325, 197), (303, 217), (301, 215), (284, 221), (283, 223), (261, 231), (257, 232), (240, 242), (236, 242), (225, 247), (225, 246), (217, 248), (216, 249), (209, 251), (209, 251), (204, 252), (204, 253), (200, 255), (198, 258), (197, 258), (197, 259), (196, 259), (196, 258), (192, 260), (191, 261), (184, 261), (186, 261), (177, 261), (178, 259), (175, 258), (175, 257), (175, 257), (175, 256), (172, 258), (172, 258), (170, 256), (169, 258), (168, 253), (168, 255), (160, 246), (161, 249), (141, 234), (143, 231), (121, 212), (121, 210), (102, 187), (103, 183), (88, 162), (89, 160), (76, 143), (80, 142), (68, 135), (69, 135), (61, 130), (62, 131), (58, 128), (58, 129), (52, 129), (52, 128), (41, 132), (42, 133), (28, 138), (30, 139), (27, 138), (27, 138), (32, 135), (32, 135), (42, 131), (42, 132), (55, 128), (55, 128), (73, 120), (73, 122), (100, 107), (101, 106), (138, 91), (139, 100), (177, 74), (180, 75), (180, 75), (216, 59), (250, 49), (252, 49), (270, 44), (276, 41), (282, 39), (287, 38), (293, 36), (298, 34), (300, 35), (297, 36), (295, 36), (294, 37), (293, 37), (292, 37), (292, 38), (291, 38), (291, 39), (290, 40), (290, 41), (290, 41), (291, 43), (297, 47), (304, 47), (312, 47), (323, 47), (336, 48), (349, 48), (364, 47), (379, 48), (395, 48), (410, 48), (408, 50), (423, 48), (447, 49), (455, 51), (464, 51), (470, 52), (473, 53), (473, 54), (472, 55), (473, 55), (473, 56), (473, 56), (473, 56), (474, 56), (472, 58), (471, 58), (470, 59), (470, 59), (470, 59), (471, 59), (471, 59), (473, 59), (476, 60), (482, 60), (481, 61), (490, 60), (510, 61), (520, 61), (529, 61), (537, 61), (544, 60), (551, 60), (553, 59), (554, 60), (554, 60), (553, 60), (554, 60), (555, 60), (554, 61), (552, 62), (551, 63), (552, 63), (552, 63), (553, 64), (553, 66), (550, 69), (545, 74), (545, 73), (536, 80), (527, 89), (500, 111), (487, 124), (472, 136), (455, 148), (441, 162), (426, 171), (415, 183), (401, 191), (388, 200), (389, 200), (375, 208), (366, 214), (351, 219), (349, 222), (349, 220), (347, 220), (346, 221), (344, 223), (342, 224), (338, 228), (336, 229), (337, 228), (332, 230), (331, 230), (331, 236), (342, 264), (352, 292)]"
think,"[(295, 97), (284, 59), (290, 51), (295, 52), (298, 54), (300, 57), (301, 60), (304, 60), (305, 58), (305, 58), (305, 57), (304, 58), (304, 59), (303, 59), (303, 59), (304, 60), (305, 61), (307, 64), (310, 69), (312, 76), (316, 86), (321, 96), (326, 108), (330, 120), (334, 132), (336, 141), (336, 147), (338, 151), (337, 152), (337, 153), (338, 153), (340, 153), (342, 152), (343, 151), (346, 151), (348, 151), (349, 151), (351, 149), (356, 146), (362, 139), (370, 132), (382, 122), (394, 110), (407, 97), (419, 88), (431, 78), (443, 70), (452, 62), (460, 57), (464, 53), (467, 51), (468, 50), (465, 50), (461, 51), (457, 53), (455, 55), (455, 58), (455, 61), (456, 67), (455, 76), (452, 86), (448, 97), (444, 115), (435, 133), (418, 164), (400, 193), (386, 219), (373, 236), (365, 251), (365, 261), (361, 267), (361, 271), (359, 273), (358, 275), (356, 278), (356, 280), (357, 280), (358, 280), (362, 277), (367, 273), (373, 267), (380, 258), (390, 245), (400, 232), (411, 216), (421, 200), (430, 187), (439, 173), (446, 160), (454, 149), (460, 142), (466, 137), (472, 137), (471, 150), (470, 212)]"
distance,"[(182, 214), (163, 145), (167, 129), (167, 123), (167, 120), (169, 116), (169, 115), (169, 114), (167, 114), (166, 114), (166, 115), (166, 116), (166, 116), (165, 117), (164, 119), (163, 119), (163, 121), (163, 123), (164, 126), (164, 130), (163, 134), (163, 136), (162, 139), (163, 142), (165, 141), (173, 140), (183, 137), (194, 129), (210, 120), (229, 115), (250, 106), (273, 96), (297, 86), (320, 77), (342, 70), (358, 63), (378, 57), (393, 52), (405, 48), (415, 46), (426, 47), (436, 47), (444, 47), (452, 48), (456, 49), (459, 50), (462, 50), (464, 50), (466, 51), (469, 51), (471, 52), (473, 52), (474, 53), (474, 54), (474, 56), (474, 57), (475, 58), (475, 58), (475, 58), (475, 58), (475, 59), (474, 60), (472, 61), (467, 64), (459, 69), (445, 76), (426, 82), (405, 89), (383, 98), (360, 106), (342, 111), (322, 119), (301, 125), (279, 137), (257, 144), (235, 153), (213, 160), (193, 166), (175, 169), (159, 173), (146, 176), (136, 175), (128, 176), (124, 176), (121, 176), (119, 174), (119, 173), (118, 172), (118, 171), (120, 171), (119, 169), (118, 167), (118, 166), (119, 165), (118, 164), (119, 163), (120, 162), (120, 161), (119, 160), (118, 160), (117, 159), (120, 157), (122, 151), (133, 142), (149, 129), (164, 119), (181, 109), (194, 97), (210, 85), (223, 76), (236, 66), (248, 59), (259, 54), (270, 50), (279, 46), (286, 45), (293, 43), (296, 43), (297, 43), (298, 44), (298, 44), (298, 45), (298, 45), (298, 45), (298, 45), (298, 45), (297, 46), (296, 47), (293, 48), (288, 49), (281, 51), (272, 56), (260, 62), (245, 70), (228, 81), (207, 93), (186, 108), (163, 118), (139, 130), (118, 141), (96, 152), (80, 163), (69, 174), (56, 182), (50, 183), (47, 186), (45, 186), (47, 185), (47, 184), (49, 183), (47, 180), (47, 178), (49, 175), (50, 174), (52, 172), (54, 170), (56, 169), (57, 167), (59, 166), (59, 164), (60, 161), (63, 161), (65, 159), (70, 159), (75, 159), (79, 158), (86, 160), (95, 164), (103, 168), (114, 170), (124, 175), (136, 182), (149, 186), (165, 193), (181, 200), (195, 204), (214, 211), (231, 219), (245, 226), (259, 233), (275, 240), (291, 248), (306, 250), (318, 254), (328, 258), (337, 262), (344, 263), (350, 264), (357, 266), (360, 266), (363, 266), (362, 265), (363, 266), (364, 267), (362, 266), (364, 265), (365, 264), (365, 263), (365, 262), (363, 260), (359, 260), (354, 257), (347, 255), (336, 252), (324, 249), (305, 246), (286, 243), (266, 239), (250, 238), (229, 236), (210, 233), (193, 236), (177, 234), (165, 239), (152, 244), (150, 243), (148, 243), (147, 242), (146, 242), (144, 242), (145, 243), (145, 243), (147, 240), (148, 242), (152, 239), (155, 237), (157, 235), (160, 232), (162, 227), (162, 220), (165, 210), (163, 199), (166, 185), (165, 170), (166, 152), (164, 138), (164, 120), (165, 104), (166, 89), (167, 72), (166, 58), (166, 46), (166, 36), (166, 27), (166, 20), (169, 17), (173, 14), (171, 15), (165, 26), (178, 62)]"
let,"[(550, 233), (567, 146), (572, 134), (574, 133), (573, 133), (570, 136), (566, 141), (566, 142), (566, 144), (568, 144), (570, 144), (569, 143), (568, 143), (566, 144), (563, 145), (557, 144), (552, 144), (542, 145), (529, 141), (509, 139), (487, 136), (460, 133), (434, 129), (404, 123), (376, 118), (344, 109), (313, 100), (287, 91), (262, 83), (239, 73), (217, 65), (199, 58), (184, 53), (170, 48), (157, 45), (147, 43), (137, 42), (133, 40), (132, 38), (132, 38), (132, 38), (134, 38), (137, 39), (141, 41), (148, 41), (154, 42), (162, 43), (172, 43), (183, 44), (196, 43), (209, 43), (225, 42), (240, 40), (254, 40), (269, 38), (281, 36), (293, 35), (302, 33), (309, 34), (315, 35), (315, 37), (311, 50), (320, 100), (321, 145)]"
us,"[(415, 54), (426, 40), (432, 39), (433, 40), (432, 44), (432, 44), (427, 47), (425, 48), (422, 46), (422, 45), (420, 44), (418, 44), (417, 43), (415, 43), (411, 43), (405, 45), (395, 48), (394, 47), (362, 55), (345, 64), (321, 70), (297, 81), (266, 91), (238, 104), (208, 114), (178, 129), (157, 139), (136, 146), (123, 152), (126, 154), (108, 157), (108, 157), (107, 156), (106, 155), (107, 154), (108, 153), (108, 152), (111, 150), (112, 150), (112, 149), (114, 149), (113, 149), (109, 155), (118, 212)]"
think,"[(287, 152), (268, 74), (289, 44), (302, 37), (302, 38), (298, 39), (298, 39), (294, 43), (293, 43), (290, 42), (289, 41), (289, 40), (290, 37), (290, 37), (289, 36), (289, 37), (290, 38), (290, 37), (293, 38), (298, 42), (302, 48), (315, 67), (321, 78), (326, 93), (332, 109), (340, 124), (350, 135), (357, 143), (362, 150), (364, 149), (365, 154), (365, 158), (367, 161), (366, 169), (368, 171), (370, 172), (369, 172), (369, 170), (371, 165), (370, 161), (371, 154), (371, 156), (373, 146), (376, 139), (382, 130), (401, 111), (418, 100), (432, 88), (444, 77), (454, 66), (463, 56), (470, 47), (475, 40), (476, 40), (478, 35), (480, 32), (479, 29), (476, 30), (477, 30), (476, 32), (475, 36), (472, 44), (466, 51), (461, 62), (454, 76), (455, 78), (445, 92), (434, 111), (422, 132), (400, 178), (391, 205), (382, 226), (372, 243), (364, 251), (357, 258), (353, 262), (354, 260), (351, 262), (350, 261), (351, 257), (355, 254), (366, 243), (374, 236), (382, 229), (391, 217), (397, 208), (407, 197), (420, 186), (420, 186), (433, 174), (445, 162), (458, 151), (469, 143), (482, 133), (479, 141), (472, 193), (458, 239)]"
about,"[(42, 190), (29, 160), (32, 151), (33, 152), (34, 151), (33, 151), (36, 151), (38, 151), (35, 151), (33, 150), (31, 149), (31, 149), (31, 154), (33, 157), (34, 161), (37, 169), (41, 176), (41, 175), (48, 184), (54, 194), (64, 206), (77, 215), (93, 229), (115, 241), (159, 272), (182, 283), (206, 292), (226, 301), (226, 301), (236, 303), (244, 302), (251, 301), (260, 302), (264, 293), (271, 291), (270, 287), (269, 279), (268, 277), (266, 275), (264, 272), (265, 273), (263, 269), (266, 269), (265, 267), (266, 267), (269, 267), (266, 266), (268, 265), (271, 265), (274, 264), (272, 265), (271, 266), (272, 265), (271, 266), (271, 267), (276, 267), (277, 263), (280, 260), (286, 251), (293, 241), (331, 211), (353, 190), (374, 170), (399, 148), (400, 146), (421, 130), (440, 116), (454, 100), (466, 86), (477, 73), (486, 63), (493, 56), (501, 45), (506, 40), (510, 36), (511, 35), (512, 34), (513, 34), (517, 34), (520, 34), (525, 34), (530, 34), (536, 34), (539, 35), (537, 36), (539, 36), (543, 36), (545, 37), (545, 37), (548, 37), (547, 38), (544, 39), (539, 40), (533, 41), (530, 41), (526, 41), (503, 41), (486, 43), (465, 45), (468, 44), (449, 46), (438, 49), (432, 49), (430, 49), (428, 49), (425, 49), (421, 50), (420, 49), (422, 49), (424, 49), (424, 50), (424, 50), (424, 51), (422, 52), (418, 52), (413, 51), (406, 51), (396, 51), (381, 50), (361, 51), (318, 52), (303, 55), (294, 51), (292, 52), (287, 51), (286, 49), (285, 49), (285, 48), (286, 49), (289, 50), (290, 51), (291, 51), (292, 95), (296, 166)]"
distance,"[(207, 219), (180, 164), (178, 142), (184, 136), (184, 136), (184, 139), (181, 142), (181, 144), (180, 143), (179, 144), (179, 143), (178, 142), (178, 142), (177, 142), (176, 144), (174, 145), (172, 146), (170, 148), (168, 149), (165, 152), (166, 153), (171, 149), (181, 142), (197, 134), (223, 122), (245, 114), (270, 105), (300, 95), (321, 87), (344, 82), (361, 77), (381, 73), (395, 70), (407, 66), (414, 63), (418, 63), (420, 62), (421, 62), (423, 62), (426, 62), (431, 61), (436, 62), (440, 62), (443, 62), (444, 61), (447, 61), (450, 60), (455, 59), (459, 59), (463, 58), (465, 59), (465, 59), (464, 59), (465, 59), (467, 60), (470, 59), (473, 58), (477, 58), (480, 58), (480, 58), (480, 58), (479, 58), (476, 59), (471, 61), (462, 64), (445, 69), (424, 77), (399, 86), (360, 100), (323, 107), (279, 126), (249, 141), (210, 154), (183, 163), (164, 175), (149, 179), (140, 183), (132, 183), (125, 184), (121, 185), (116, 186), (113, 185), (111, 186), (110, 185), (110, 183), (111, 181), (113, 180), (114, 180), (115, 180), (116, 180), (117, 179), (117, 177), (119, 174), (122, 167), (130, 156), (144, 144), (161, 125), (177, 107), (197, 89), (214, 74), (230, 60), (243, 49), (254, 42), (264, 36), (275, 33), (285, 31), (294, 33), (298, 34), (303, 36), (307, 37), (308, 38), (308, 40), (305, 40), (303, 42), (301, 44), (299, 45), (297, 45), (294, 45), (289, 46), (283, 48), (278, 50), (270, 53), (259, 59), (243, 66), (219, 85), (189, 101), (160, 115), (131, 136), (102, 156), (80, 164), (61, 175), (51, 178), (43, 179), (39, 178), (36, 174), (38, 170), (39, 166), (39, 163), (42, 160), (45, 160), (48, 158), (53, 157), (59, 157), (65, 156), (73, 155), (87, 157), (101, 157), (120, 158), (143, 161), (171, 166), (199, 178), (230, 190), (260, 206), (279, 219), (301, 232), (321, 252), (334, 266), (341, 277), (348, 285), (355, 291), (361, 293), (364, 294), (367, 294), (369, 295), (373, 296), (372, 295), (370, 297), (371, 298), (369, 298), (369, 296), (367, 294), (364, 291), (361, 288), (359, 282), (352, 276), (348, 269), (346, 260), (338, 257), (329, 252), (319, 251), (301, 247), (281, 242), (258, 245), (238, 240), (219, 238), (202, 235), (184, 233), (176, 230), (168, 230), (163, 230), (161, 231), (161, 232), (162, 234), (160, 236), (160, 237), (157, 240), (155, 240), (158, 241), (158, 239), (159, 236), (158, 230), (161, 220), (165, 206), (163, 190), (165, 172), (170, 153), (173, 134), (173, 115), (175, 98), (178, 82), (179, 67), (182, 53), (186, 42), (186, 33), (187, 24), (186, 20), (178, 40), (196, 109)]"
think,"[(274, 66), (281, 50), (284, 42), (288, 39), (291, 39), (293, 40), (292, 40), (293, 40), (293, 39), (294, 39), (294, 40), (293, 43), (293, 45), (294, 48), (295, 50), (297, 54), (299, 59), (303, 64), (308, 71), (313, 79), (319, 88), (326, 97), (334, 104), (344, 112), (353, 121), (362, 128), (370, 136), (376, 145), (380, 152), (383, 158), (384, 163), (385, 164), (383, 163), (381, 164), (377, 163), (372, 162), (370, 161), (366, 161), (363, 159), (361, 159), (359, 157), (357, 155), (357, 153), (356, 151), (357, 146), (361, 140), (367, 133), (376, 127), (385, 118), (396, 107), (409, 99), (422, 91), (434, 84), (447, 76), (458, 69), (468, 63), (477, 59), (483, 54), (488, 49), (491, 49), (494, 48), (493, 47), (493, 46), (492, 47), (490, 50), (487, 51), (485, 52), (481, 56), (478, 61), (472, 66), (466, 72), (459, 80), (450, 90), (442, 101), (433, 113), (423, 127), (413, 144), (402, 159), (391, 174), (384, 188), (375, 202), (366, 209), (366, 217), (364, 223), (362, 226), (361, 229), (362, 230), (362, 229), (363, 228), (364, 228), (366, 225), (368, 221), (371, 217), (375, 213), (382, 207), (393, 197), (403, 188), (415, 177), (426, 166), (438, 156), (450, 149), (460, 142), (469, 137), (477, 131), (485, 126), (492, 123), (497, 121), (499, 123), (499, 144), (497, 185)]"
doc,"[(169, 144), (160, 137), (158, 134), (157, 136), (156, 139), (156, 141), (156, 144), (155, 147), (154, 149), (152, 151), (152, 151), (152, 151), (152, 151), (152, 151), (152, 151), (152, 152), (155, 150), (158, 149), (163, 146), (170, 143), (203, 130), (217, 126), (230, 122), (237, 119), (249, 116), (262, 113), (275, 111), (286, 107), (296, 105), (307, 103), (318, 100), (331, 98), (342, 95), (352, 91), (386, 81), (393, 80), (400, 79), (407, 77), (413, 76), (420, 73), (427, 71), (436, 69), (445, 67), (453, 66), (462, 64), (472, 62), (503, 56), (510, 55), (517, 53), (523, 53), (528, 52), (533, 51), (538, 49), (543, 48), (548, 47), (551, 46), (554, 45), (555, 45), (555, 44), (554, 44), (553, 44), (552, 44), (551, 45), (550, 44), (549, 44), (549, 43), (549, 42), (549, 43), (550, 43), (550, 42), (550, 43), (550, 44), (548, 46), (544, 47), (538, 49), (529, 52), (518, 53), (508, 57), (498, 60), (487, 64), (477, 68), (463, 71), (411, 89), (394, 97), (381, 103), (369, 107), (357, 113), (344, 118), (332, 123), (322, 127), (313, 132), (302, 139), (291, 145), (285, 149), (252, 171), (247, 174), (240, 178), (234, 182), (229, 186), (223, 189), (218, 193), (212, 198), (205, 203), (199, 208), (192, 212), (187, 215), (181, 218), (176, 221), (171, 224), (168, 227), (165, 229), (162, 231), (160, 232), (158, 234), (158, 234), (157, 235), (157, 235), (157, 236), (157, 235), (158, 234), (158, 233), (158, 239), (161, 249), (170, 260)]"
